Country,health_count,total_sentences,total_words,health_percent,population,sids,income,democracy,health_expenditure,coal_rents,temperature_change,air_pollution,HES,HES_1,HES_2,HES_3,HES_4,health_topic,economy_topic,energy_topic,agri_topic,Other_1,Other_2,eu
AFG,3,122,3964,0.07568113017154389,17.381746292114258,0,6.304865837097168,3.0833332538604736,10.96198335,0.233553226,0.854638789,53.20000076293945,2,1,1,0,0,0.1930215952327706,0.17949596051429012,0.18878652625348769,0.20693981851005036,0.11944553152562903,0.11231056796377228,Non-EU
ALB,0,32,1246,0,14.871946334838867,0,8.324604988098145,8.083333015441895,5.9,3.86843e-4,0.803764998,17.899999618530273,0,0,0,0,0,0.03529097904611755,0.1487066234300226,0.5533109635122362,0.0262902610179982,0.15943255238274617,0.07696862061087928,Non-EU
AND,2,77,2766,0.07230657989877079,11.255410194396973,0,10.524711608886719,10,10.32410711,0,0,9.899999618530273,1,1,0,0,0,0.04872719995752375,0.0828523447682836,0.4154581532543798,0.03996865652775899,0.17279879391271144,0.2401948515793424,Non-EU
ARE,1,75,2437,0.04103405826836274,16.052061080932617,0,10.549067497253418,1.3333332538604736,3.403416276,0,0.927765339,39.400001525878906,1,1,0,0,0,0.2097610241718348,0.16298622248103947,0.3364766635760838,0.11661652429719972,0.08363911066830379,0.09052045480553852,Non-EU
ARG,6,130,4878,0.12300123001230012,17.590347290039062,0,9.456438064575195,8.916666030883789,7.544399053,7.42932e-5,1.304635795,11.800000190734863,2,1,1,0,0,0.09862810961548106,0.12077842025409402,0.18044914470879247,0.07807901248699733,0.27373609265814713,0.24832922027648804,Non-EU
ARM,1,74,1841,0.05431830526887561,14.892608642578125,0,8.1864166259765625,5.8333330154418945,9.951966256,0,0.674303419,30.5,1,1,0,0,0,0.1147195267776195,0.10616775404029816,0.287670035762055,0.122902084120063,0.19803309969161476,0.17050749960834952,Non-EU
ATG,9,176,4599,0.19569471624266144,11.45664119720459,1,9.628893852233887,8.595741271972656,4.357296228,0,0.419444802,17.899999618530273,4,1,1,1,1,0.1776308258893995,0.22118820609977485,0.29911115674044825,0.0537766659307077,0.11756667781229942,0.13072646752737033,Non-EU
AUS,0,37,1105,0,17.001487731933594,0,10.81920051574707,10,9.196083993,0.593846375,0.585753951,7.199999809265137,0,0,0,0,0,0.0554077655195138,0.10315646535630862,0.6083061009250901,0.03236790606520693,0.11945372759650492,0.08130803453737563,Non-EU
AUT,0,33,1133,0,15.983039855957031,0,10.719688415527344,10,10.41916981,0,0.725125271,12.399999618530273,0,0,0,0,0,0.02671368440476712,0.12137289718249872,0.5963116282310038,0.06700286816271715,0.12716531175336296,0.06143361026565015,EU
AZE,0,30,1286,0,16.093578338623047,0,8.26378059387207,1.1666666269302368,6.663134694,0,1.087878683,18.200000762939453,0,0,0,0,0,0.1082357968238282,0.15405379231339905,0.29848297081683134,0.12448186992523784,0.16990804768734727,0.14483752243335626,Non-EU
BDI,4,77,4408,0.09074410163339383,16.165742874145508,0,5.64259147644043,2.6666667461395264,7.492160797,0,1.48507068,35.599998474121094,2,1,1,0,0,0.16644265906377892,0.1254920614565858,0.10959184001245492,0.28457988570302223,0.21601680580136148,0.09787674796279672,Non-EU
BEL,0,33,1133,0,16.24308967590332,0,10.645712852478027,9.5,10.30445471,0,0.637470849,12.899999618530273,0,0,0,0,0,0.02671368440476712,0.12137289718249872,0.5963116282310038,0.06700286816271715,0.12716531175336296,0.06143361026565015,EU
BEN,10,323,19220,0.052029136316337155,16.20170783996582,0,6.670874118804932,8.416666030883789,3.855612502,0,0.621869888,33.099998474121094,3,1,1,1,0,0.08981196853811789,0.10888334222350209,0.09662684992326565,0.360409351261289,0.26090524826617634,0.08336323978764903,Non-EU
BFA,33,494,21776,0.15154298310066128,16.74116325378418,0,6.3678364753723145,6.9166669845581055,7.013124228,0,0.134910443,36.79999923706055,5,1,1,1,1,0.11732506517839984,0.1056530275205671,0.08374385614493572,0.3488926824391269,0.25120673399519233,0.09317863472177802,Non-EU
BGD,6,194,6273,0.09564801530368246,18.877920150756836,0,7.245384216308594,5.25,2.311779931,0.01571275,0.902084869,58.29999923706055,2,1,1,0,0,0.2517119917248969,0.16817988911488535,0.24720317189353605,0.10243218972892738,0.15000713997811668,0.08046561755963762,Non-EU
BGR,0,33,1133,0,15.779516220092773,0,8.918577194213867,8.916666030883789,8.230107278,0.111417199,0.902169342,18.799999237060547,0,0,0,0,0,0.02671368440476712,0.12137289718249872,0.5963116282310038,0.06700286816271715,0.12716531175336296,0.06143361026565015,EU
BHR,2,59,1822,0.10976948408342481,14.17023754119873,0,10.02655029296875,0.4166666567325592,4.858230427,0,1.153798461,69,1,1,0,0,0,0.195345689784624,0.1768395527277042,0.27872191019950554,0.1085070410704177,0.08645085845192094,0.1541349477658276,Non-EU
BHS,9,107,3969,0.22675736961451248,12.842467308044434,1,10.360559463500977,10,6.071411818,0,0.456728672,17.600000381469727,3,1,1,1,0,0.1776456510107135,0.23860407317640975,0.23385173443569365,0.08253450489026633,0.11049176641885251,0.15687227006806434,Non-EU
BIH,0,53,1953,0,15.035238265991211,0,8.516129493713379,5.324978351593018,9.227862209,0.243025607,0.352039213,27.299999237060547,0,0,0,0,0,0.06927347376554144,0.12559448190482053,0.3399486648080958,0.0877796591477719,0.2639408133311371,0.11346290704263322,Non-EU
BLR,2,64,2816,0.07102272727272728,16.06696319580078,0,8.521708488464355,1.1666666269302368,5.91054149,0,1.266461044,18.100000381469727,1,1,0,0,0,0.08681426194887946,0.19571297619838207,0.3617431015313362,0.06445322377669906,0.18976994381530635,0.10150649272939698,Non-EU
BLZ,20,239,7266,0.27525461051472616,12.816925048828125,1,8.48019790649414,9.413433074951172,6.09697625,0,0.962649923,21.200000762939453,4,1,1,1,1,0.2517517019973707,0.19893835615921143,0.16610972932958387,0.16551242059122,0.10698253991155084,0.1107052520110632,Non-EU
BOL,5,245,7371,0.0678334011667345,16.216293334960938,0,8.031599998474121,7.5833330154418945,6.852848828,0,1.333282592,20.200000762939453,1,1,0,0,0,0.07314606209431344,0.17304339402931573,0.1402962283639665,0.33816187767642375,0.09449116153842416,0.1808612762975564,Non-EU
BRA,2,217,4713,0.0424358158285593,19.14417839050293,0,9.072558403015137,8.666666030883789,9.206205606,0.006288168,0.739080271,11.5,1,1,0,0,0,0.10212432679121825,0.1265231931127536,0.3742442214195427,0.0756352300591541,0.13006059797425992,0.19141243064307148,Non-EU
BRB,4,95,3738,0.1070090957731407,12.563033103942871,1,9.737250328063965,10,6.852003932,0,0.519795754,22.200000762939453,2,1,1,0,0,0.1685995577730223,0.20567947633968892,0.3020792627840129,0.07385473886363932,0.1360746367333624,0.1137123275062742,Non-EU
BTN,7,91,3263,0.21452650934722645,13.509947776794434,0,7.982949733734131,6.6666669845581055,3.487767652,0,0.734362408,35.29999923706055,3,1,1,1,0,0.2043925440047159,0.2026019478426487,0.17347485065038556,0.21523281824170093,0.11125877554299818,0.09303906371755076,Non-EU
BWA,6,43,1302,0.4608294930875576,14.585593223571777,0,8.887908935546875,8.25,5.560522154,0.253354507,1.601639252,21.200000762939453,3,1,1,1,0,0.2449284377786647,0.1784968003232014,0.2341495001628205,0.1246857413667638,0.12364341978967712,0.09409610057887254,Non-EU
CAF,17,191,5518,0.3080826386371874,15.327927589416504,0,5.996248722076416,4,4.281501472,0,0.542062718,49.5,4,1,1,1,1,0.13487187701243067,0.1044089949245198,0.14553584795413185,0.3507030732576961,0.17449086337137978,0.08998934347984187,Non-EU
CAN,3,77,2821,0.10634526763559021,17.40206527709961,0,10.652067184448242,10,10.73787659,0.0797047,0.841420063,6.5,2,1,1,0,0,0.13702332472836418,0.18352407888447136,0.4622150412784921,0.04464346366672612,0.10976048384383888,0.0628336075981074,Non-EU
CHE,1,114,2712,0.03687315634218289,15.940563201904297,0,11.291932106018066,10,12.22136542,0,0.605138772,10.199999809265137,1,1,0,0,0,0.06258701116846342,0.13276654746359498,0.5459385596974858,0.04274204456182391,0.11980363542163924,0.09616220168699272,Non-EU
CHL,3,224,6328,0.04740834386852086,16.717430114746094,0,9.528655052185059,10,8.51739347,0.012320253,0.685653125,21,2,1,1,0,0,0.10881617328781722,0.1354412391377655,0.2821168883326391,0.06616933305658962,0.2516962652283133,0.15576010095687529,Non-EU
CHN,3,104,5289,0.05672149744753262,21.044382095336914,0,8.996997833251953,1.1666666269302368,4.981880635,0.4131106,0.800822456,49.20000076293945,1,1,0,0,0,0.14755449444748883,0.24111850123487313,0.2800841670479698,0.12417659369393028,0.07824282831490006,0.12882341526083793,Non-EU
CIV,15,104,8062,0.18605805011163482,16.98615074157715,0,7.300913333892822,6,4.536222667,0,0.760409803,23.700000762939453,4,1,1,1,1,0.11457498966200633,0.11923460492497552,0.09619892931809342,0.42095761081229127,0.1373828212792972,0.11165104400333624,Non-EU
CMR,9,105,7177,0.12540058520273095,16.99049949645996,0,7.217739582061768,2.3333332538604736,4.679078981,0,0.722532353,65.30000305175781,4,1,1,1,1,0.12549465075428157,0.15700320683954103,0.1202077248704351,0.2991358382336343,0.1535554917953297,0.1446030875067783,Non-EU
COD,4,117,3723,0.10744023636852001,18.18228530883789,0,6.155534744262695,2.1666667461395264,3.887424991,0,0.857287719,37.599998474121094,2,1,1,0,0,0.13497024561868698,0.196215410528798,0.09023593607994586,0.21392501212772813,0.21007870040145657,0.15457469524338455,Non-EU
COG,1,147,5647,0.017708517797060386,15.421140670776367,0,7.503324508666992,2.3333332538604736,3.48694697,0,1.48240026,38.70000076293945,1,1,0,0,0,0.07521983287718935,0.1594886085552956,0.1382642131449864,0.19217103088471305,0.18866527331100288,0.2461910412268128,Non-EU
COL,2,130,4488,0.044563279857397504,17.690275192260742,0,8.677818298339844,7.5833330154418945,7.213679701,0.619311806,1.15009486,15.199999809265137,1,1,0,0,0,0.11364511748602872,0.17401514818506267,0.20371604304497715,0.1043552315811732,0.2259630850239772,0.17830537467878116,Non-EU
COM,6,286,10307,0.058212865043174536,13.586841583251953,1,7.148498058319092,7.6666669845581055,7.486647367,0,0.424925388,18.600000381469727,3,1,1,1,0,0.12126203450429146,0.1590256590923998,0.1510181945552375,0.1984789616342927,0.1987395236938795,0.17147562651989906,Non-EU
CPV,1,194,8589,0.011642798928862498,13.182792663574219,1,8.049101829528809,10,4.843254015,0,0.402594726,32,1,1,0,0,0,0.12821219932867703,0.1099736529655349,0.30237222379701667,0.2914506125679296,0.09346097735780066,0.07453033398304117,Non-EU
CRI,7,221,7373,0.09494100094941,15.40461254119873,0,9.364473342895508,10,7.533469051,0,0.808764449,15.899999618530273,3,1,1,1,0,0.17274557975210592,0.14767510031287062,0.1999546980195128,0.12552884321746138,0.1863879990072532,0.16770777969079603,Non-EU
CUB,8,144,5121,0.15621948838117555,16.24341583251953,1,8.994767189025879,1.1666666269302368,12.21775115,0,0.443092561,18.399999618530273,4,1,1,1,1,0.11134227450829828,0.2119608706242644,0.14942269375195366,0.0980289607257954,0.18037431513181185,0.2488708852578765,Non-EU
CYP,0,33,1133,0,13.972674369812012,0,10.107754707336426,10,6.78870976,0,1.114073421,16.799999237060547,0,0,0,0,0,0.02671368440476712,0.12137289718249872,0.5963116282310038,0.06700286816271715,0.12716531175336296,0.06143361026565015,EU
CZE,0,33,1133,0,16.17318344116211,0,9.8235445022583,9.75,7.149598747,0.126597406,0.964546856,15.100000381469727,0,0,0,0,0,0.02671368440476712,0.12137289718249872,0.5963116282310038,0.06700286816271715,0.12716531175336296,0.06143361026565015,EU
DEU,0,33,1133,0,18.226472854614258,0,10.647777557373047,10,11.13065928,0.01435292,0.87191973,11.699999809265137,0,0,0,0,0,0.02671368440476712,0.12137289718249872,0.5963116282310038,0.06700286816271715,0.12716531175336296,0.06143361026565015,EU
DJI,1,219,5795,0.01725625539257981,13.741984367370605,0,7.943916320800781,4.5,3.749318421,0,1.049105848,40.400001525878906,0,0,0,0,0,0.17323183662838074,0.12366158166948972,0.1451354611934514,0.2252716593703488,0.1990178182146387,0.13368164292369067,Non-EU
DMA,10,268,10418,0.0959877135726627,11.174749374389648,1,8.99726676940918,10,5.210321769,0,0.481775967,18.200000762939453,2,1,1,0,0,0.2505189829346896,0.21166749679219743,0.1544041693564627,0.09822438545106736,0.09697128788797243,0.18821367757761032,Non-EU
DNK,0,33,1133,0,15.56087875366211,0,10.908960342407227,10,10.18123403,0,0.606633398,10.100000381469727,0,0,0,0,0,0.02671368440476712,0.12137289718249872,0.5963116282310038,0.06700286816271715,0.12716531175336296,0.06143361026565015,EU
DOM,3,45,1495,0.2006688963210702,16.1570987701416,1,8.893006324768066,7.5833330154418945,6.096604094,0,0.605955719,12.899999618530273,1,1,0,0,0,0.1584360020485196,0.178177158320738,0.22360106840558125,0.10735346180914453,0.14633601112970018,0.18609629828631644,Non-EU
DZA,3,120,3397,0.08831321754489255,17.518081665039062,0,8.280564308166504,4.25,6.603844464,0,0.270053589,35.20000076293945,1,1,0,0,0,0.13885943336287002,0.14702538116560446,0.25669492640389396,0.08433653437828265,0.19628237324578748,0.17680135144356146,Non-EU
ECU,31,467,18515,0.16743181204428842,16.618331909179688,0,8.709480285644531,6.6666669845581055,8.295960724,0,1.325430679,14.899999618530273,5,1,1,1,1,0.11358612782830647,0.10836405486196717,0.10708787139363818,0.1516692246324238,0.26128735446188095,0.2580053668217833,Non-EU
EGY,14,176,4440,0.3153153153153153,18.363550186157227,0,8.167641639709473,2.75,5.363046378,0,1.682413938,79.30000305175781,4,1,1,1,1,0.18336125927239713,0.19766092445167893,0.21944191152993212,0.14924337998267384,0.0916779058647845,0.15861461889853354,Non-EU
ESP,0,33,1133,0,17.654619216918945,0,10.185111999511719,10,8.97140801,0.00112824,1.132074292,9.5,0,0,0,0,0,0.02671368440476712,0.12137289718249872,0.5963116282310038,0.06700286816271715,0.12716531175336296,0.06143361026565015,EU
EST,0,33,1133,0,14.089947700500488,0,9.811223983764648,9.75,6.503356993,0,0.446660311,6.699999809265137,0,0,0,0,0,0.02671368440476712,0.12137289718249872,0.5963116282310038,0.06700286816271715,0.12716531175336296,0.06143361026565015,EU
ETH,11,151,3955,0.2781289506953224,18.45608139038086,0,6.575249671936035,2.1666667461395264,3.85119468,0,0.641419525,34.400001525878906,3,1,1,1,0,0.1877642948105185,0.26334872872717124,0.19444183050584432,0.14815464756553184,0.12234203390849392,0.08394846448244019,Non-EU
FIN,0,33,1133,0,15.519404411315918,0,10.686873435974121,10,9.42838788,0,0.196447458,5.900000095367432,0,0,0,0,0,0.02671368440476712,0.12137289718249872,0.5963116282310038,0.06700286816271715,0.12716531175336296,0.06143361026565015,EU
FJI,1,121,3707,0.02697599136768276,13.679001808166504,1,8.639643669128418,5.9166669845581055,3.534800932,0,0.58228573,10.199999809265137,2,1,1,0,0,0.2129083697872306,0.22578126699861492,0.2640135204689798,0.0895491655240442,0.08438635832706454,0.123361318894066,Non-EU
FRA,0,33,1133,0,18.016035079956055,0,10.517651557922363,9.333333969116211,11.4789255,0,0.460323965,11.600000381469727,0,0,0,0,0,0.02671368440476712,0.12137289718249872,0.5963116282310038,0.06700286816271715,0.12716531175336296,0.06143361026565015,EU
FSM,0,35,1187,0,11.610188484191895,1,8.011255264282227,10,12.59096563,0.037,0.698816242,10.199999809265137,0,0,0,0,0,0.15773516119259506,0.1795163258784222,0.34370615510615166,0.04805531604556413,0.18652959226773577,0.08445744950953117,Non-EU
GAB,0,90,4133,0,14.51258659362793,0,8.850762367248535,4.5,3.107697517,0,1.194297436,38.5,0,0,0,0,0,0.05826288741354085,0.15230273278923406,0.1603193590665266,0.11361736322013416,0.1959130765778115,0.3195845809327528,Non-EU
GBR,0,33,1133,0,17.999263763427734,0,10.62313461303711,10,9.699044377,0.00211957,0.594128461,10.5,0,0,0,0,0,0.02671368440476712,0.12137289718249872,0.5963116282310038,0.06700286816271715,0.12716531175336296,0.06143361026565015,EU
GEO,5,89,3102,0.16118633139909735,15.13124942779541,0,8.309473037719727,7.5833330154418945,8.421346545,0.00979138,0.927460167,21.200000762939453,2,1,1,0,0,0.19197486917918455,0.161633816952786,0.25659347444723707,0.13712650349957753,0.13957527166001588,0.11309606426119909,Non-EU
GHA,9,173,4830,0.18633540372670807,17.16478157043457,0,7.565994739532471,9.083333969116211,3.461577371,0,0.843309825,31.899999618530273,4,1,1,1,1,0.12864475350133395,0.14752232776067734,0.3203789904229579,0.14884304678387258,0.1505071901706183,0.10410369136053985,Non-EU
GIN,1,196,6971,0.014345144168698896,16.278379440307617,0,6.5970940589904785,5.166666507720947,5.34073934,0,0.453386576,22.399999618530273,1,1,0,0,0,0.13306606738504362,0.2172659494201915,0.12892201107850668,0.19834330603362857,0.14034325217584762,0.1820594139067821,Non-EU
GMB,5,295,10818,0.04621926418931411,14.580577850341797,0,6.5260820388793945,2.0833332538604736,2.955651097,0,-0.219555042,32.20000076293945,3,1,1,1,0,0.2261234311641006,0.18871676385639516,0.2157112461529836,0.1366668704315805,0.13443860411144629,0.09834308428349382,Non-EU
GNB,1,107,3715,0.026917900403768503,14.393491744995117,1,6.493765354156494,5.666666507720947,8.04162696,0,0.426825154,27.100000381469727,1,1,0,0,0,0.18835877459729256,0.17390031497284522,0.11108748201799176,0.21806772511192996,0.14813840178884188,0.16044730151109865,Non-EU
GNQ,2,122,3698,0.05408328826392645,14.010401725769043,0,9.131735801696777,1,3.157184273,0,0.836529974,45.900001525878906,1,1,0,0,0,0.13849551618548642,0.15202307136663487,0.1251656063435533,0.13755366763558902,0.2144517339962759,0.23231040447246057,Non-EU
GRC,0,33,1133,0,16.192829132080078,0,9.80457592010498,9.166666030883789,8.2821518180000009,0.023782409,1.310809878,15.699999809265137,0,0,0,0,0,0.02671368440476712,0.12137289718249872,0.5963116282310038,0.06700286816271715,0.12716531175336296,0.06143361026565015,EU
GRD,1,103,3099,0.032268473701193935,11.610605239868164,1,9.172467231750488,9.413433074951172,4.687991366,0,0.839660312,21.600000381469727,1,1,0,0,0,0.1802313223414406,0.21448311950301355,0.27439564604679095,0.11479766971370614,0.10293260372249384,0.113159638672555,Non-EU
GTM,8,127,4435,0.18038331454340473,16.623891830444336,0,8.328593254089355,7,6.008672342,0,0.914000935,23.600000381469727,3,1,1,1,0,0.12622489106351806,0.12974741310438592,0.12178584665867118,0.126832551315645,0.21685898362805256,0.2785503142297273,Non-EU
GUY,2,154,4683,0.04270766602605167,13.55591869354248,1,8.421259880065918,8,5.140765384,0,0.740544043,20.5,1,1,0,0,0,0.1493900876815034,0.2005980660415148,0.2168996039926268,0.13151175435417925,0.09287904371456468,0.20872144421561117,Non-EU
HND,8,91,3646,0.21941854086670326,16.04237937927246,0,7.759010314941406,6.75,8.16693753,0,1.04629125,20.100000381469727,2,1,1,0,0,0.1161841400422758,0.1688064386541293,0.10463218015532846,0.11627257871929432,0.2079984460389084,0.2861062163900638,Non-EU
HRV,0,33,1133,0,15.244468688964844,0,9.422259330749512,9.333333969116211,6.826259196,0,0.641291199,17,0,0,0,0,0,0.02671368440476712,0.12137289718249872,0.5963116282310038,0.06700286816271715,0.12716531175336296,0.06143361026565015,EU
HTI,6,166,5717,0.1049501486793773,16.19875144958496,1,6.60028076171875,5.416666507720947,8.436867595,0,0.380855112,14.600000381469727,3,1,1,1,0,0.16373112326336609,0.14768538710971502,0.1286015910783998,0.1651941597075277,0.1978495063196425,0.19693823252134895,Non-EU
HUN,0,33,1133,0,16.099323272705078,0,9.472118377685547,8.75,7.134909183,0.013549992,0.670213552,15.600000381469727,0,0,0,0,0,0.02671368440476712,0.12137289718249872,0.5963116282310038,0.06700286816271715,0.12716531175336296,0.06143361026565015,EU
IDN,6,256,7134,0.08410428931875526,19.382152557373047,0,8.178315162658691,8.083333015441895,3.119054809,0.642771885,1.109642958,15.600000381469727,1,1,0,0,0,0.11920432729913732,0.12130076412675048,0.17846720975668098,0.2058189235826704,0.1855581946593988,0.18965058057536205,Non-EU
IND,25,486,13881,0.18010229810532383,21.004308700561523,0,7.455453395843506,8.5,3.510983288,0.816468092,0.53823996,65.19999694824219,5,1,1,1,1,0.1684493710568184,0.2335166732307634,0.2215088530220208,0.1663728762099827,0.07901783735314419,0.13113438912727046,Non-EU
IRL,0,33,1133,0,15.374777793884277,0,11.0540132522583,10,7.382569462,0,0.423982275,8.300000190734863,0,0,0,0,0,0.02671368440476712,0.12137289718249872,0.5963116282310038,0.06700286816271715,0.12716531175336296,0.06143361026565015,EU
ISL,0,28,1083,0,12.72319507598877,0,11.030978202819824,10,8.126642555,0,1.061228306,5.900000095367432,0,0,0,0,0,0.02877022681328052,0.11838139561712084,0.533712580857322,0.03679871674454128,0.12035041931415565,0.16198666065357975,Non-EU
ISR,1,48,1412,0.0708215297450425,15.960973739624023,0,10.527328491210938,8.583333969116211,7.325906307,0,1.750697892,19.5,1,1,0,0,0,0.08780262739030642,0.1953597607647977,0.4081118924833119,0.03732202674086481,0.1437527579953604,0.1276509346253587,Non-EU
ITA,0,33,1133,0,17.920259475708008,0,10.339679718017578,10,8.880628645,0,0.254767877,15.300000190734863,0,0,0,0,0,0.02671368440476712,0.12137289718249872,0.5963116282310038,0.06700286816271715,0.12716531175336296,0.06143361026565015,EU
JAM,8,108,3347,0.23902001792650132,14.882369995117188,1,8.485359191894531,8.5,5.734744668,0,0.591378304,13.300000190734863,1,1,0,0,0,0.22019413811282976,0.18484961470976333,0.21661966386063383,0.08103390666939729,0.16724370401961772,0.13005897262775817,Non-EU
JOR,43,358,13704,0.31377699941622883,16.07220458984375,0,8.319652557373047,3.4166665077209473,7.167056203,0,1.7240604,32.099998474121094,5,1,1,1,1,0.16906543162789772,0.20913639504459464,0.22027239356892975,0.1573378426768997,0.1313703837145418,0.1128175533671363,Non-EU
JPN,0,66,3461,0,18.65965461730957,0,10.56602954864502,10,10.82552895,3.18279e-4,0.630186138,11.399999618530273,0,0,0,0,0,0.03391375350408018,0.11543939164791346,0.5847486298130641,0.07069183675685796,0.11008578105023646,0.08512060722784787,Non-EU
KAZ,0,24,955,0,16.694374084472656,0,8.95090103149414,1.8333332538604736,3.434833884,0.751932518,0.557375534,11.300000190734863,0,0,0,0,0,0.0297556847865642,0.19893397678283867,0.5531354349412935,0.05404376592593585,0.11648044935571138,0.04765068820765635,Non-EU
KEN,3,110,2485,0.12072434607645875,17.708385467529297,0,7.251718997955322,7.25,5.018576235,0,0.661952066,25.899999618530273,2,1,1,0,0,0.19578645398249775,0.1884828673647756,0.2823369002443538,0.11430198737123264,0.1349999022839099,0.08409188875323041,Non-EU
KGZ,1,81,1744,0.05733944954128441,15.62043285369873,0,7.021678924560547,5.916666507720947,6.412482262,0.132412272,0.913864364,18.100000381469727,1,1,0,0,0,0.12108947660523194,0.15148164134512315,0.35288598355854917,0.03580898814018637,0.2610132495479389,0.07772066080297045,Non-EU
KHM,23,144,5649,0.4071517082669499,16.57338523864746,0,7.153545379638672,4.25,6.116484478,0,0.840842928,24,4,1,1,1,1,0.2498278055136736,0.20698074736894903,0.1712264187941769,0.16029077018168583,0.1280701931978353,0.0836040649436793,Non-EU
KIR,16,350,13858,0.11545677586953383,11.630921363830566,1,7.368218421936035,10,9.320367873,0,0.617266357,10.5,4,1,1,1,1,0.3126788882815777,0.2680912775030495,0.10033120431204172,0.11122285966231056,0.07767442731565026,0.13000134292537013,Non-EU
KNA,1,67,1314,0.076103500761035,10.851760864257812,1,9.842247009277344,10,4.984227568,0,0.518157959,12.300000190734863,1,1,0,0,0,0.15706526676882063,0.18535756515773655,0.28085661185434435,0.05384964477352513,0.15430381032675125,0.16856710111882203,Non-EU
KOR,1,41,1463,0.0683526999316473,17.751598358154297,0,10.225870132446289,8.666666030883789,7.32512027,0.001301826,1.215405993,24.600000381469727,1,1,0,0,0,0.11246637751228712,0.15493377420701743,0.4339620229935433,0.06521466347828392,0.13871558901853892,0.09470757279032936,Non-EU
KWT,2,89,3809,0.05250721974271463,15.190964698791504,0,10.227495193481445,2.4166665077209473,3.973542899,0,0.782442322,57.20000076293945,1,1,0,0,0,0.12167198357039416,0.19596559533377825,0.2100726442188059,0.1152064630683001,0.12789727454034436,0.22918603926837736,Non-EU
LBN,4,155,4599,0.08697542944118286,15.719276428222656,0,8.940491676330566,6.0833330154418945,7.82264024,0,1.63409327,30.700000762939453,2,1,1,0,0,0.19334381361328573,0.18462867541543748,0.2501366850304285,0.14330676964512748,0.13993443261155458,0.08864962368416623,Non-EU
LBR,14,167,4013,0.348866184899078,15.338690757751465,0,6.571755886077881,6.9166669845581055,9.795856476,0,0.329014168,17.200000762939453,4,1,1,1,1,0.1872836894503041,0.19174435668723275,0.20173513271508067,0.1448859818369406,0.1635532950879466,0.11079754422249534,Non-EU
LCA,6,94,3810,0.15748031496062992,12.100845336914062,1,9.153987884521484,10,5.197576061,0,0.549965151,21.200000762939453,2,1,1,0,0,0.176253806017407,0.19761364940477805,0.31106795604430193,0.08452106925532551,0.12869912234767228,0.10184439693051528,Non-EU
LKA,41,544,11622,0.3527792118396145,16.869653701782227,0,8.26521110534668,6.9166669845581055,3.893241659,0,1.026953173,15.199999809265137,5,1,1,1,1,0.21714577738640167,0.19531249742194445,0.1643126891465074,0.1556696870614973,0.15725977900172533,0.11029956998192378,Non-EU
LSO,16,316,12410,0.12892828364222403,14.545472145080566,0,7.016911029815674,7.8333330154418945,7.948503643,0,1.412059671,27.799999237060547,4,1,1,1,1,0.19251526886289017,0.17790819084593387,0.19523192355450864,0.18492497340216357,0.1447517998423682,0.10466784349213554,Non-EU
LTU,0,33,1133,0,14.869206428527832,0,9.61577033996582,10,6.644369662,0,0.744594785,11.5,0,0,0,0,0,0.02671368440476712,0.12137289718249872,0.5963116282310038,0.06700286816271715,0.12716531175336296,0.06143361026565015,EU
LUX,0,33,1133,0,13.274250030517578,0,11.554819107055664,10,5.468732491,0,0.476003021,10.199999809265137,0,0,0,0,0,0.02671368440476712,0.12137289718249872,0.5963116282310038,0.06700286816271715,0.12716531175336296,0.06143361026565015,EU
LVA,0,33,1133,0,14.488218307495117,0,9.557711601257324,9.083333969116211,6.214978546,0,0.675551201,12.699999809265137,0,0,0,0,0,0.02671368440476712,0.12137289718249872,0.5963116282310038,0.06700286816271715,0.12716531175336296,0.06143361026565015,EU
MAR,26,313,9877,0.26323782525058215,17.374460220336914,0,7.971334457397461,3.5833332538604736,5.238145962,0,1.507066938,31,3,1,1,1,0,0.12403048696520973,0.12577783315783594,0.1552837763971768,0.2738803291316758,0.15903311145376386,0.16199446289433778,Non-EU
MCO,1,98,3276,0.030525030525030524,10.547182083129883,0,12.043058395385742,8.595741271972656,1.749095507,0,0,12.199999809265137,1,1,0,0,0,0.07932296580791989,0.14928562231594855,0.5255412874903765,0.04575869228212989,0.1085409464055245,0.0915504856981006,Non-EU
MDA,38,340,16103,0.2359808731292306,14.845904350280762,0,7.7285943031311035,8.083333015441895,7.535933703,0,1.276798803,16,5,1,1,1,1,0.26217093195359287,0.17464071567400896,0.18023614992486767,0.11491725095208272,0.15850971938881003,0.10952523210663773,Non-EU
MDG,13,150,4499,0.288953100689042,17.030153274536133,0,6.1653242111206055,6.9166669845581055,6.117167324,0,0.603590387,21.399999618530273,3,1,1,1,0,0.19707775324237112,0.14328528334954704,0.10448866347273714,0.17886284735898397,0.2582679242824556,0.11801752829390516,Non-EU
MDV,10,164,3080,0.3246753246753247,13.072149276733398,1,9.127967834472656,3.6895968914031982,10.1996921,0,0.631258775,7.599999904632568,4,1,1,1,1,0.2357186612040777,0.2455563782993088,0.2114151912313762,0.10452173419874784,0.09952312050587424,0.10326491456061532,Non-EU
MEX,5,122,3684,0.13572204125950055,18.630401611328125,0,9.0756378173828125,7.8333330154418945,5.616091937,0.020631814,0.370477533,20.100000381469727,2,1,1,0,0,0.1475367029042287,0.11900849498139188,0.2174228791767081,0.11289230426082404,0.2046867522702852,0.19845286640656212,Non-EU
MHL,2,78,3177,0.06295247088448222,10.963619232177734,1,8.152997016906738,10,17.86218286,0,0.665586596,9.399999618530273,5,1,1,1,1,0.1874886765873745,0.2037184531979672,0.31270923308312254,0.05027780494454468,0.0977009675489732,0.14810486463801795,Non-EU
MKD,0,100,3191,0,14.548236846923828,0,8.542696952819824,7.6666669845581055,6.379433721,0.081527836,0.546901102,28.299999237060547,0,0,0,0,0,0.06690472052668921,0.13227998495628418,0.4038250394538599,0.05048850589694305,0.2694967918646449,0.0770049573015788,Non-EU
MLI,0,260,8626,0,16.703960418701172,0,6.659133434295654,5.8333330154418945,3.775381669,0,0.162976733,31.200000762939453,0,0,0,0,0,0.09174346571743015,0.15679836493169563,0.11005993203700289,0.2444737735965088,0.26826503499622156,0.12865942872114103,Non-EU
MLT,0,33,1133,0,13.028834342956543,0,10.132673263549805,10,9.166416526,0,-0.213336532,14,0,0,0,0,0,0.02671368440476712,0.12137289718249872,0.5963116282310038,0.06700286816271715,0.12716531175336296,0.06143361026565015,EU
MMR,10,301,9462,0.1056859015007398,17.78665542602539,0,7.083803176879883,6.166666507720947,4.767122865,0.009907388,0.676046639,34.70000076293945,2,1,1,0,0,0.26841843724421105,0.1999391749640338,0.1342011638324887,0.14125324835226738,0.13620241204072212,0.11998556356627683,Non-EU
MNE,0,29,1114,0,13.341182708740234,0,8.85779094696045,8.083333015441895,6.4,0.082075317,0.358072563,20.200000762939453,0,0,0,0,0,0.03083283520924434,0.1512102762948633,0.5697588896261386,0.0339799959562207,0.1423470440894969,0.07187095882403609,Non-EU
MNG,5,158,4563,0.10957703265395574,14.932734489440918,0,8.205259323120117,9.583333969116211,4.423556477,4.361818138,1.387067561,40.400001525878906,1,1,0,0,0,0.1968789651401677,0.15347944612546413,0.2143007300670864,0.19532450826154032,0.13586874098265847,0.10414760942308302,Non-EU
MOZ,5,135,4279,0.11684973124561812,17.14162254333496,0,6.061285495758057,6.25,5.146733299,1.906261109,1.118443722,19.399999618530273,2,1,1,0,0,0.26657969546763227,0.19193470040036137,0.10412311057080624,0.13191404158707684,0.13562972276764854,0.1698187292064748,Non-EU
MRT,11,110,4845,0.22703818369453044,15.241874694824219,0,7.02454948425293,3.25,4.130824283,0,0.020706885,40.79999923706055,3,1,1,1,0,0.13126142089343748,0.13156346101632327,0.07835107104583629,0.24147496181390157,0.21540205108808577,0.2019470341424157,Non-EU
MUS,9,71,2325,0.3870967741935484,14.0493745803833,1,9.177984237670898,9.583333969116211,5.706785619,0,0.764709339,13.5,3,1,1,1,0,0.22681547880902184,0.2002145189831492,0.1855975451413986,0.14735830609518413,0.13755297829933183,0.1024611726719145,Non-EU
MWI,19,156,5403,0.35165648713677583,16.66072654724121,0,5.755037307739258,7.3333330154418945,9.693633765,0.016740121,1.437795536,22.100000381469727,4,1,1,1,1,0.20671007672125147,0.16888364359977515,0.15611557256995812,0.23295800523071633,0.12505510839911077,0.11027759347918818,Non-EU
MYS,10,101,2187,0.4572473708276178,17.23927879333496,0,9.191946029663086,6.25,3.79941836,0.01145935,0.612560009,16,4,1,1,1,1,0.1741895642161176,0.2235463509244585,0.21731416185830968,0.16017510502888654,0.1473374183593973,0.07743739961283054,Non-EU
NAM,7,194,7925,0.08832807570977917,14.673341751098633,0,8.473499298095703,8.166666030883789,9.110306948,0,1.653848494,22.600000381469727,3,1,1,1,0,0.18090683138682223,0.17463019015053294,0.1709483944755828,0.14166764726185485,0.20466386813813744,0.1271830685870697,Non-EU
NER,5,231,10353,0.04829518014102192,16.849925994873047,0,5.8920063972473145,6.25,6.164639816,0.034948762,-0.026500827,70.80000305175781,2,1,1,0,0,0.12876825285702567,0.1271416641824121,0.1083949772704666,0.29437800320174495,0.23798916901869344,0.10332793346965734,Non-EU
NGA,20,499,10689,0.18710824211806532,19.041044235229492,0,7.685243606567383,6.75,3.647736832,2.62305e-4,0.81888537,48.70000076293945,5,1,1,1,1,0.22465319463657268,0.22426894281935905,0.17829764205129445,0.16553121152720468,0.10594850609750806,0.101300502868061,Non-EU
NIC,2,231,7766,0.02575328354365182,15.65669059753418,0,7.653289794921875,6.0833330154418945,8.790948242,0,0.954013952,16.899999618530273,1,1,0,0,0,0.07955393244490692,0.14550943112948986,0.1576693271254519,0.15831263260335468,0.2324900444212488,0.2264646322755479,Non-EU
NLD,0,33,1133,0,16.65050506591797,0,10.736567497253418,10,10.30060574,0,0.73048654,12.100000381469727,0,0,0,0,0,0.02671368440476712,0.12137289718249872,0.5963116282310038,0.06700286816271715,0.12716531175336296,0.06143361026565015,EU
NOR,0,77,1922,0,15.470785140991211,0,11.162808418273926,10,10.5194889,0.003323074,0.309714865,7,0,0,0,0,0,0.0197610776937642,0.1089389727703175,0.6390331409666349,0.01802588832738478,0.13870251584438725,0.07553840439751139,Non-EU
NPL,1,194,5252,0.01904036557501904,17.1209716796875,0,6.655630111694336,6.9166669845581055,6.278400868,0.004043116,0.544118582,94.30000305175781,1,1,0,0,0,0.24519490551813025,0.19501093916606033,0.1566531171232201,0.19050092873218671,0.096698262030567,0.1159418474298357,Non-EU
NRU,6,146,4417,0.13583880461851935,9.47646713256836,1,8.964532852172852,8.595741271972656,13.86484355,0,0.312428802,12.5,2,1,1,0,0,0.23516858594124176,0.26953822346439,0.19915245559093325,0.07667671224145489,0.09324621767410944,0.12621780508787078,Non-EU
NZL,0,18,714,0,15.361625671386719,0,10.597306251525879,10,9.29223001,0.021429395,0.769207126,5.699999809265137,0,0,0,0,0,0.04950460135519947,0.09169066332878266,0.5861554099740143,0.10381756950890876,0.06890631849075053,0.09992543734234424,Non-EU
OMN,1,18,677,0.14771048744460857,15.314959526062012,0,9.597074508666992,1.75,4.328744859,0,0.510161478,38.20000076293945,1,1,0,0,0,0.1451946490582276,0.14719805255699114,0.3370525423617453,0.08933083099611296,0.1451217756619192,0.13610214936500364,Non-EU
PAK,2,416,11824,0.016914749661705007,19.13180160522461,0,7.221436977386475,6.3333330154418945,2.855102345,0.042724206,0.421926036,55.20000076293945,2,1,1,0,0,0.22199756127983833,0.2238481093050256,0.15167660803531902,0.09179760998122642,0.1672823660355631,0.1433977453630275,Non-EU
PAN,1,268,12128,0.008245382585751979,15.211031913757324,0,9.571946144104004,8.916666030883789,7.241625339,0,0.758082004,11.199999809265137,0,0,0,0,0,0.07247697045690903,0.13795540400786127,0.1878557684294655,0.099396031657302,0.2622155460067699,0.24010027944169235,Non-EU
PER,12,168,5231,0.22940164404511568,17.247108459472656,0,8.733110427856445,8.5,5.06358929,0.002780615,1.073088642,24.299999237060547,2,1,1,0,0,0.14136707072496646,0.14477700663402052,0.15449082921602342,0.10951708523787725,0.25124898567396087,0.19859902251315156,Non-EU
PNG,5,142,3841,0.1301744337412132,15.92835807800293,1,7.8278913497924805,7.0833330154418945,2.542641014,0,0.664865705,10.899999618530273,2,1,1,0,0,0.14971594086349596,0.2535743490573897,0.25699503305776655,0.1288063937155461,0.1175257519280795,0.09338253137772227,Non-EU
POL,0,33,1133,0,17.452308654785156,0,9.427994728088379,9.583333969116211,6.543077528,0.231737105,1.03542192,20.5,0,0,0,0,0,0.02671368440476712,0.12137289718249872,0.5963116282310038,0.06700286816271715,0.12716531175336296,0.06143361026565015,EU
PRT,0,33,1133,0,16.150121688842773,0,9.902406692504883,10,9.037944674,0,0.599292586,7.900000095367432,0,0,0,0,0,0.02671368440476712,0.12137289718249872,0.5963116282310038,0.06700286816271715,0.12716531175336296,0.06143361026565015,EU
PRY,3,48,1991,0.15067805123053743,15.72917366027832,0,8.579117774963379,8.083333015441895,6.72532469,0,0.5823096,11.199999809265137,1,1,0,0,0,0.09914717280375016,0.20619669732778365,0.14080741679215958,0.12225813286661144,0.1786375201894586,0.25295306002023654,Non-EU
QAT,1,86,2005,0.04987531172069825,14.791719436645508,0,10.953662872314453,1.25,3.0493645,0,0.23193107,90.30000305175781,1,1,0,0,0,0.13088046792206437,0.2221877342869323,0.28963374662038094,0.12451323484271028,0.11511219288101628,0.11767262344689576,Non-EU
ROU,0,33,1133,0,16.796255111694336,0,9.166085243225098,8.916666030883789,4.993756488,0.026291134,1.024273012,14.300000190734863,0,0,0,0,0,0.02671368440476712,0.12137289718249872,0.5963116282310038,0.06700286816271715,0.12716531175336296,0.06143361026565015,EU
RWA,8,188,6865,0.11653313911143481,16.272430419921875,0,6.588029384613037,2.5833332538604736,6.763341278,0,1.668401358,40.70000076293945,3,1,1,1,0,0.20946345660427823,0.1973015209033943,0.14452040747242065,0.2441125661768748,0.10758884753116628,0.09701320131186572,Non-EU
SAU,1,139,3052,0.0327653997378768,17.29498291015625,0,9.89743423461914,0,5.835629627,0,0.934940302,78.4000015258789,1,1,0,0,0,0.16932277889069108,0.19945105392491305,0.2410514496969761,0.09497092001812324,0.14711584571423206,0.14808795175506456,Non-EU
SDN,31,186,6530,0.4747320061255743,17.500568389892578,0,7.782433032989502,1.5,6.403641403,0,1.247386694,47.900001525878906,5,1,1,1,1,0.23798667774012375,0.187768316606893,0.18207667947045375,0.18402008196782785,0.10147864541376196,0.10666959880093972,Non-EU
SGP,7,130,3644,0.19209659714599342,15.539576530456543,1,10.945955276489258,4.5,4.42238152,0,0.700856507,18.299999237060547,3,1,1,1,0,0.14449582487261983,0.18676107511157788,0.32090079058191434,0.10979520596863324,0.10048584065010452,0.13756126281515016,Non-EU
SLB,6,197,7532,0.07966011683483802,13.336565971374512,1,7.594087600708008,8.25,5.170710385,0,0.457500214,10.699999809265137,2,1,1,0,0,0.29639563271140823,0.2779171880137972,0.10807499394218524,0.08394659149204892,0.07424416833213478,0.15942142550842564,Non-EU
SLE,5,152,4444,0.11251125112511251,15.807327270507812,0,6.217435359954834,7.5833330154418945,16.5259555,0,0.336312009,20.600000381469727,2,1,1,0,0,0.14802605181724796,0.1817686559282809,0.30495276338161975,0.1094740856848926,0.1599387459148952,0.0958396972730636,Non-EU
SLV,19,240,7494,0.25353616226314385,15.664932250976562,0,8.242783546447754,8.25,7.717107236,0,1.067156353,23.399999618530273,4,1,1,1,1,0.1409476806722602,0.19206375079202925,0.10938649433046226,0.13255832612890353,0.2280334656737896,0.19701028240255525,Non-EU
SMR,0,33,894,0,10.41942024230957,0,10.751336097717285,10,6.834965944,0,0,13.399999618530273,0,0,0,0,0,0.03170443270203985,0.11818033467132176,0.5668804515515649,0.05221559274794115,0.12361780425529562,0.10740138407183672,Non-EU
SRB,11,35,1148,0.9581881533101044,15.769718170166016,0,8.658063888549805,8.25,8.645783365,0.219485569,0.366138604,24.299999237060547,2,1,1,0,0,0.192579079108065,0.1872393048606423,0.20629679850422164,0.1630081959474589,0.139425296611729,0.1114513249678831,Non-EU
STP,1,95,2084,0.04798464491362764,12.222079277038574,1,7.444326877593994,8.595741271972656,6.221891195,0,1.038407275,25.700000762939453,1,1,0,0,0,0.21491646708037737,0.16028808148642748,0.1258523638002333,0.12405144368481671,0.20682662852358483,0.1680650154245603,Non-EU
SUR,2,129,3705,0.053981106612685556,13.244382858276367,1,8.631364822387695,7.5,6.279411912,0,0.422982123,23.600000381469727,1,1,0,0,0,0.1914976763771771,0.159183283842918,0.2602845624563315,0.11444398098844603,0.1182810513354199,0.15630944499970753,Non-EU
SVK,0,33,1133,0,15.507596969604492,0,9.711479187011719,10,7.095012814,0.005869407,0.967072847,17.5,0,0,0,0,0,0.02671368440476712,0.12137289718249872,0.5963116282310038,0.06700286816271715,0.12716531175336296,0.06143361026565015,EU
SVN,0,33,1133,0,14.540660858154297,0,9.98149299621582,10,8.481074125,0.024593623,0.500009187,15.800000190734863,0,0,0,0,0,0.02671368440476712,0.12137289718249872,0.5963116282310038,0.06700286816271715,0.12716531175336296,0.06143361026565015,EU
SWE,0,33,1133,0,16.110374450683594,0,10.858502388000488,10,10.9761335,0,0.446112179,5.900000095367432,0,0,0,0,0,0.02671368440476712,0.12137289718249872,0.5963116282310038,0.06700286816271715,0.12716531175336296,0.06143361026565015,EU
SWZ,7,117,3147,0.22243406418811568,13.923453330993652,0,8.145461082458496,1.0833332538604736,6.817775965,0.087519944,1.075254267,16.299999237060547,2,1,1,0,0,0.1808450960369208,0.14274513595289887,0.2644441566033149,0.13992717307491392,0.13303832652102346,0.13900011181092817,Non-EU
SYC,26,264,9882,0.26310463468933415,11.458226203918457,1,9.620981216430664,6.960360050201416,5.178798363,0,0.639468155,18.700000762939453,4,1,1,1,1,0.31205177608343454,0.1403483094119847,0.2597986885409741,0.10657758432343614,0.08954446230932418,0.09167917933084628,Non-EU
TCD,9,135,8214,0.1095690284879474,16.4939022064209,0,6.540998935699463,2.4166667461395264,4.957113415,0,0.932396899,53,2,1,1,0,0,0.1330360524582948,0.114493984133908,0.09483580573266193,0.29594375883667423,0.23471958663810796,0.1269708122003532,Non-EU
TGO,14,208,9325,0.15013404825737264,15.83173942565918,0,6.392026901245117,4.5,6.577026844,0,0.675071776,32.70000076293945,4,1,1,1,1,0.14349997305238643,0.12623992169515874,0.16847352364909304,0.24053745374335145,0.19922961374347703,0.12201951411653336,Non-EU
THA,4,103,3462,0.11554015020219525,18.04920196533203,0,8.695943832397461,3,3.76332067,0.025228244,0.434803829,26.200000762939453,2,1,1,0,0,0.21074491342302448,0.18742349365218464,0.27841026072149677,0.0868011268391232,0.1074790465879542,0.12914115877621674,Non-EU
TJK,1,44,2217,0.04510599909788002,15.974638938903809,0,6.687754154205322,2.1666667461395264,7.004277408,0.190858829,0.393087441,40,1,1,0,0,0,0.1641364816264832,0.16423244606519158,0.27817876616390047,0.1084811419996787,0.1646654266373277,0.1203057375074184,Non-EU
TKM,1,122,3255,0.030721966205837174,15.54935359954834,0,8.762418746948242,0.5,6.62111789,0,0.756038125,19,1,1,0,0,0,0.11342923987362225,0.27294768334201414,0.2627151698472581,0.08053143933530588,0.15809051278300829,0.1122859548187914,Non-EU
TLS,19,349,12431,0.15284369720859142,14.013777732849121,1,7.627190589904785,7.8333330154418945,4.020591825,0,0.991054959,17.899999618530273,4,1,1,1,1,0.2335021629533812,0.20930115791420256,0.1538484878268657,0.13975944597663134,0.1343448222146947,0.12924392311422447,Non-EU
TON,6,205,7792,0.07700205338809035,11.524191856384277,1,8.285552978515625,8.595741271972656,5.178248882,0,0.294059348,10.100000381469727,2,1,1,0,0,0.19281265060378736,0.2935144020892841,0.1972346543027572,0.1102765742527358,0.1165890939121738,0.08957262483926173,Non-EU
TTO,1,69,2224,0.04496402877697842,14.13582706451416,1,9.6913423538208,9.166666030883789,6.870259345,0,0.830066338,22,1,1,0,0,0,0.11807488136305336,0.23215368176554968,0.28495675206919796,0.03360645252065836,0.23660369399302064,0.09460453828852,Non-EU
TUN,17,190,8723,0.19488708013298178,16.24066162109375,0,8.21556282043457,8.416666030883789,6.99615702,0,0.142671441,35.70000076293945,5,1,1,1,1,0.09910134127035576,0.12581430342597114,0.28563370234859997,0.14096257004647195,0.22666028867962495,0.12182779422897624,Non-EU
TUV,0,120,3454,0,9.325899124145508,1,8.08822250366211,10,16.88424796,0,0.415372846,11.399999618530273,0,0,0,0,0,0.1351976700256248,0.2126864560702668,0.3649990708269017,0.06343300848233492,0.10926369523325824,0.11442009936161354,Non-EU
TZA,6,83,3064,0.19582245430809397,17.786760330200195,0,6.873654842376709,6.1666669845581055,3.963478655,0.012805897,0.849534521,25.600000381469727,3,1,1,1,0,0.22129884579896256,0.20232280695051497,0.19414166725764465,0.16464068422391745,0.10202392561090856,0.11557207015805192,Non-EU
UGA,11,199,6778,0.1622897609914429,17.49553871154785,0,6.411334991455078,3.5,6.325942278,0,1.13436039,48.400001525878906,4,1,1,1,1,0.17565049502772648,0.1639368364429693,0.2466566582772266,0.15041706402981622,0.18542851841565533,0.07791042780660606,Non-EU
UKR,0,53,1433,0,17.622276306152344,0,7.6906208992004395,6.8333330154418945,6.756291538,0.534571826,1.739679056,18.299999237060547,0,0,0,0,0,0.09237246949898084,0.1087624252455548,0.4021564007568923,0.06952543955916306,0.1872204749142793,0.13996279002512965,Non-EU
URY,24,420,17554,0.13672097527629032,15.046358108520508,0,9.641287803649902,10,9.155895561,0,1.3149341,8.600000381469727,5,1,1,1,1,0.07985537644591684,0.06818304716516163,0.11072755602417628,0.1942425091635583,0.4551402007948934,0.0918513104062934,Non-EU
USA,0,40,1503,0,19.592981338500977,0,10.966545104980469,9.5,17.19726026,0.134773981,1.19729806,7.400000095367432,0,0,0,0,0,0.06435820697655652,0.08312015267492426,0.7001435457304261,0.01635908234484864,0.06855276257558625,0.06746624969765812,Non-EU
UZB,4,83,3311,0.12080942313500453,17.27648162841797,0,7.850804328918457,0.25,6.314973533,0.029485432,0.988718367,25.299999237060547,2,1,1,0,0,0.1128027998354602,0.21064797873459024,0.2530963616001,0.1510291827002348,0.1287610161305923,0.14366266099902253,Non-EU
VCT,18,258,6135,0.293398533007335,11.603304862976074,1,8.86433219909668,10,4.349533096,0,0.649390178,21.200000762939453,3,1,1,1,0,0.22348300395581425,0.22920221861901335,0.17332963253728734,0.12099181708128408,0.11391896746742498,0.13907436033917606,Non-EU
VEN,20,432,12077,0.16560404073859403,17.211566925048828,0,4.205596446990967,4.75,3.217084333,0.00563453,1.071509368,15.800000190734863,3,1,1,1,0,0.08662345793433271,0.13103256610182118,0.09014836100168098,0.17336107737998063,0.1767244402788382,0.3421100973033462,Non-EU
VNM,5,135,5396,0.09266123054114159,18.35495376586914,0,7.692667484283447,1.5833332538604736,5.659193546,0.251521471,0.960253238,29.700000762939453,2,1,1,0,0,0.23798221255325255,0.1659890574146027,0.1903083567698512,0.14531568592468572,0.1520179946056529,0.1083866927319549,Non-EU
VUT,5,110,3803,0.13147515119642386,12.5365629196167,1,7.968960762023926,8.595741271972656,3.696152195,0,0.93704811,10.300000190734863,2,1,1,0,0,0.27557637499498816,0.23790055326390408,0.1684019179505622,0.1137912517100924,0.10247048658594568,0.1018594154945075,Non-EU
WSM,1,101,2663,0.03755163349605708,12.178367614746094,1,8.320975303649902,8.595741271972656,5.532093719,0,0.676868071,10.600000381469727,1,1,0,0,0,0.16954090770165678,0.1927271659826304,0.3521959295059563,0.06583300317652557,0.13424154746939634,0.08546144616383473,Non-EU
ZAF,2,185,5997,0.03335000833750208,17.844491958618164,0,8.57033920288086,8.916666030883789,8.095827699,1.852724617,1.319112296,23.600000381469727,1,1,0,0,0,0.17630216158083228,0.1947165025611281,0.3032623510492332,0.06963335596644755,0.11107431358091176,0.14501131526144714,Non-EU
ZMB,24,155,4830,0.4968944099378882,16.610563278198242,0,7.155066967010498,6.5,4.477207363,0.034616062,0.78989574,24.700000762939453,4,1,1,1,1,0.23953415340123851,0.16616212870781302,0.1980895595879809,0.22763622769628303,0.09019143356592985,0.0783864970407547,Non-EU
ZWE,1,169,4916,0.02034174125305126,16.456735610961914,0,7.289326190948486,5.166666507720947,7.652104646,0.226401353,1.244587,19.399999618530273,2,1,1,0,0,0.22645699140087144,0.18879100716376776,0.19344372913359564,0.1671109276334037,0.12122700947474212,0.1029703351936193,Non-EU
